{
  "position": {
    "x": 0.62668,
    "y": 0.03351,
    "z": 122.9854
  },
  "direction": {
    "x": -0.011787394,
    "y": -0.9998631,
    "z": -0.011589618
  },
  "fov": 60.0
}