{
  "position": {
    "x": 41.481735,
    "y": 16.086712,
    "z": 7.449956
  },
  "direction": {
    "x": -0.71250176,
    "y": -0.44687998,
    "z": -0.54094815
  },
  "fov": 90.0
}