{
  "position": {
    "x": 45.41393,
    "y": 9.769022,
    "z": 6.6684194
  },
  "direction": {
    "x": -0.9981953,
    "y": 0.0229315,
    "z": -0.055359755
  },
  "fov": 30.0
}