{
  "position": {
    "x": 322.62668,
    "y": 68.03351,
    "z": 1030.9854
  },
  "direction": {
    "x": -0.011787394,
    "y": -0.9998631,
    "z": -0.011589618
  },
  "fov": 30.0
}