{
  "position": {
    "x": 322.62668,
    "y": 68.03351,
    "z": 54.08607
  },
  "direction": {
    "x": -0.9834366,
    "y": 0.16692135,
    "z": -0.070640534
  },
  "fov": 30.0
}