{
  "position": {
    "x": 47.823452,
    "y": 10.426846,
    "z": 7.0970984
  },
  "direction": {
    "x": -0.97128344,
    "y": 0.23023205,
    "z": -0.059999745
  },
  "fov": 30.0
}