{
  "keyframes": [
    {
      "time": 0.0,
      "position": [
        45.41393,
        9.769022,
        6.6684194
      ],
      "direction": [
        -0.9981953,
        0.0229315,
        -0.055359755
      ]
    },
    {
      "time": 30.0,
      "position": [
        27.13888,
        9.769022,
        6.6684194
      ],
      "direction": [
        0.44714713,
        0.8872536,
        -0.113314115
      ]
    }
  ],
  "fov": 30.0
}