{
  "keyframes": [
    {
      "time": 0.0,
      "position": [
        47.823452,
        10.426846,
        7.0970984
      ],
      "direction": [
        -0.97128344,
        0.23023205,
        -0.059999745
      ]
    },
    {
      "time": 30.0,
      "position": [
        27.13888,
        9.769022,
        6.6684194
      ],
      "direction": [
        0.44714713,
        0.8872536,
        -0.113314115
      ]
    }
  ],
  "fov": 50.0
}