{
  "keyframes": [
    {
      "time": 0.0,
      "position": [
        44.73768,
        9.643033,
        9.352597
      ],
      "direction": [
        -0.023805652,
        0.6319044,
        -0.7746804
      ]
    },
    {
      "time": 3.0,
      "position": [
        44.73768,
        9.643033,
        9.352597
      ],
      "direction": [
        -0.023805652,
        0.6319044,
        -0.7746804
      ]
    },
    {
      "time": 60.0,
      "position": [
        29.255266,
        9.643033,
        9.352597
      ],
      "direction": [
        -0.023805652,
        0.6319044,
        -0.7746804
      ]
    }
  ],
  "fov": 80.0
}