{
  "position": {
    "x": 28.408272,
    "y": 13.651291,
    "z": 1.3854809
  },
  "direction": {
    "x": 0.9836818,
    "y": 0.012132804,
    "z": 0.1795101
  },
  "fov": 50.0
}